<!-- Copyright (C) 2011 - 2013 David Reid. See included LICENCE file. -->

<style  url="model-editor.style" />

<script url="model-editor.lua"                         />
<script url="model-editor-materialpanel.lua"           />
<script url="model-editor-animationsegmentspanel.lua"  />
<script url="model-editor-animationsequencespanel.lua" />
<script url="model-editor-cdpanel.lua"                 />

<script url="model-editor-bones-panel.lua"             />
<style  url="model-editor-bones-panel.style"           />

<script url="model-editor-timeline.lua"                />
<style  url="model-editor-timeline.style"              />
