<style>
    #DebuggingMain
    {
        visible:      false
        z-index:      100
    
        positioning:  relative
        width:        100%
        height:       100%
        top:          0px
        left:         0px
        
        transparent-mouse-input: true        // DebuggingMain is a container element. We want transparent mouse input here. This is not inheritted by child elements.
    }
    
    #FPSPanel
    {
        positioning:  relative
        
        padding:      8px
        right:       -4px
        top:          4px
        width:        auto
        height:       auto
        
        background-color: #333
        border:           1px #666
    }
    
    profiler-panel-section
    {
        width:       auto
        height:      auto
        child-plane: horizontal;
    }
    
    
    profiler-font
    {
        font-family: liberation mono
        font-style:  none
        font-size:   8pt
        text-color:  #bbb
    }
    
    profiler-text includes profiler-font
    {
        width:  auto
        height: auto
    }
</style>

<div id="DebuggingMain">
    <div id='FPSPanel'>
        <div styleclass='profiler-panel-section'>
            <div style="width:auto; padding-right:8px; horizontal-align:left">
                <div styleclass='profiler-text' style='padding-bottom:8px; text-color:#fff'>FPS/Delta:</div>
                <div styleclass='profiler-text' style='padding-bottom:4px;'>Update Thread:</div>
                <div styleclass='profiler-text'>Rendering Thread:</div>
            </div>
            
            <div style="width:auto; padding-left:8px; horizontal-align:right">
                <div id="FPSValue"            styleclass='profiler-text' style='padding-bottom:8px; text-color:#fff' />
                <div id='Profiler_UpdateTime' styleclass='profiler-text' style='padding-bottom:4px;' />
                <div id='Profiler_RenderTime' styleclass='profiler-text' />
            </div>
        </div>
    </div>
</div>