<!-- Copyright (C) 2011 - 2013 David Reid. See included LICENCE file. -->

<style  url="common/dropdown-box.style"           />
<script url="common/dropdown-box.lua"             />

<style  url="common/picking-dropdown-box.style"   />
<script url="common/picking-dropdown-box.lua"     />


<style  url="common/labelled-element.style"       />
<script url="common/labelled-element.lua"         />

<script url="common/number-textbox.lua"           />
<script url="common/vector2-input.lua"            />
<script url="common/vector3-input.lua"            />
<script url="common/vector4-input.lua"            />
<style  url="common/labelled-vector-input.style"  />
<style  url="common/labelled-vector2-input.style" />
<script url="common/labelled-vector2-input.lua"   />
<style  url="common/labelled-vector3-input.style" />
<script url="common/labelled-vector3-input.lua"   />
<style  url="common/labelled-vector4-input.style" />
<script url="common/labelled-vector4-input.lua"   />

<style  url="common/labelled-textbox.style"       />
<script url="common/labelled-textbox.lua"         />

<style  url="common/labelled-number-input.style"  />
<script url="common/labelled-number-input.lua"    />

<style  url="common/labelled-dropdown-box.style"  />
<script url="common/labelled-dropdown-box.lua"    />

<style  url="common/editor-panel.style"           />
<script url="common/editor-panel.lua"             />

<script url="common/editor-3d-viewport.lua"       />

<style  url="common/panel-groupbox.style"         />
<script url="common/panel-groupbox.lua"           />

<style  url="common/add-button.style"             />
<script url="common/add-button.lua"               />

<style  url="common/cross-button.style"           />
<script url="common/cross-button.lua"             />

<style  url="common/tooltip.style"                />
<script url="common/tooltip.lua"                  />

<style  url="common/menu.style"                   />
<script url="common/menu.lua"                     />

<style  url="common/menubar.style"                />
<script url="common/menubar.lua"                  />

<style  url="common/tabbar.style"                 />
<script url="common/tabbar.lua"                   />

<style  url="common/combobox.style"               />
<script url="common/combobox.lua"                 />

<style  url="common/dialogs.style"                />
<script url="common/dialogs.lua"                  />

<style  url="common/searchbox.style"              />
<script url="common/searchbox.lua"                />

<style  url="common/data-explorer.style"          />
<script url="common/data-explorer.lua"            />






