<!-- Copyright (C) 2011 - 2013 David Reid. See included LICENCE file. -->

<style  url="camera-component-panel.style"           />
<script url="camera-component-panel.lua"             />

<style  url="model-component-panel.style"            />
<script url="model-component-panel.lua"              />

<style  url="light-component-panel.style"            />
<script url="light-component-panel.lua"              />

<style  url="dynamics-component-panel.style"         />
<script url="dynamics-component-panel.lua"           />

<style  url="proximity-component-panel.style"        />
<script url="proximity-component-panel.lua"          />

<style  url="particle-component-panel.style"         />
<script url="particle-component-panel.lua"           />

<style  url="script-component-panel.style"           />
<script url="script-component-panel.lua"             />

<style  url="editor-metadata-component-panel.style"  />
<script url="editor-metadata-component-panel.lua"    />