<!-- Copyright (C) 2011 - 2013 David Reid. See included LICENCE file. -->

<style  url="common/dropdown-box.style"           />
<script url="common/dropdown-box.lua"             />

<style  url="common/picking-dropdown-box.style"   />
<script url="common/picking-dropdown-box.lua"     />


<style  url="common/labelled-element.style"       />
<script url="common/labelled-element.lua"         />

<style  url="common/labelled-vector-input.style"  />
<style  url="common/labelled-vector2-input.style" />
<script url="common/labelled-vector2-input.lua"   />
<style  url="common/labelled-vector3-input.style" />
<script url="common/labelled-vector3-input.lua"   />
<style  url="common/labelled-vector4-input.style" />
<script url="common/labelled-vector4-input.lua"   />

<style  url="common/labelled-textbox.style"       />
<script url="common/labelled-textbox.lua"         />


<style  url="common/editor-panel.style"           />
<script url="common/editor-panel.lua"             />

<style  url="common/panel-groupbox.style"         />
<script url="common/panel-groupbox.lua"           />

<style  url="common/panel-dropdown-box.style"     />
<script url="common/panel-dropdown-box.lua"       />

<style  url="common/add-button.style"             />
<script url="common/add-button.lua"               />

<style  url="common/cross-button.style"           />
<script url="common/cross-button.lua"             />