<!-- Copyright (C) 2011 - 2013 David Reid. See included LICENCE file. -->


<!--
The editor is made up of 5 sections: Top, bottom, center, left and right. The center section is the main viewport.
-->

<style url="styles/theme.style" />

<include url="common.xml" />

<script url="scripts/datafileswatcher.lua" />

<include url="common-controls.xml" />
<include url="dialogs.xml"         />

<include url="menubar.xml"       />
<include url="combobox.xml"      />

<style  url="styles/searchbox.style" />
<script url="scripts/searchbox.lua"  />

<style  url="styles/data-explorer.style" />
<script url="scripts/data-explorer.lua"  />

<style  url="styles/tabbar.style" />
<script url="scripts/tabbar.lua"  />



<include url="model-editor.xml"    />
<include url="material-editor.xml" />
<include url="particle-editor.xml" />
<include url="scene-editor.xml"    />


<script url="scripts/number-textbox.lua" />
<script url="scripts/vector2-input.lua"  />
<script url="scripts/vector3-input.lua"  />
<script url="scripts/vector4-input.lua"  />

<style  url="styles/panel-number-input.style" />
<script url="scripts/panel-number-input.lua"  />

<script url="scripts/editor-main.lua"   />



<!-- In this section, the Editor table is created from the C++ code. Thus, ensure it is not re-created here. -->
<script>
<![CDATA[
    local CommandTextBox  = GTGUI.Server.GetElementByID("CommandTextBox");
    local CommandErrorBox = GTGUI.Server.GetElementByID("CommandErrorBox");

    CommandTextBox:OnKeyDown(function(data)
        if data.key == 13 then                  -- Enter key
            if not Game.ExecuteScript(CommandTextBox:GetText()) then
                CommandErrorBox:SetStyle("text-color", "#a66");
                CommandErrorBox:SetText(Game.GetLastScriptError());
            else
                CommandErrorBox:SetStyle("text-color", "#999");
                CommandErrorBox:SetText("No errors.");
            end;
            
            CommandTextBox:SetText("");         -- Clear the box.
        else
            CommandErrorBox:SetText("");        -- Clears the output message.
        end;
    end);
]]>
</script>

<!-- Model Editor Dialog Box -->
<script>
<![CDATA[
    local EditorMain          = GTGUI.Server.GetElementByID("EditorMain");
    local Editor_MenuBar      = GTGUI.Server.GetElementByID("Editor_MenuBar");
    local Editor_DataExplorer = GTGUI.Server.GetElementByID("Editor_DataExplorer");
    local Editor_TabBar       = GTGUI.Server.GetElementByID("Editor_TabBar");


    function Editor.ShowSaveFileDialog(absolutePath)
        Editor.ShowYesNoCancelDialog("Save '" .. GTCore.IO.GetFileNameFromPath(absolutePath) .. "'?", function(result)
            if result == Editor.YesNoCancelDialogResult.Yes then
                Editor.SaveFile(absolutePath);
            end
            
            if result ~= Editor.YesNoCancelDialogResult.Cancel then
                -- We'll get here if the result was 'Yes' or 'No', in which case we want to close the file. The catch is that when Editor.CloseFile() is called,
                -- it will try to show this dialog again. To fix, we're going to unmark the file as modified.
                Editor.UnmarkFileAsModified(absolutePath);
                Editor.CloseFile(absolutePath);
            end
        end);
    end


    
    -- Here we're going to watch for some keyboard shortcuts.
    EditorMain:WatchKeyPressed(function(data)
        if GTGUI.Server.IsCTRLKeyDown() then
            if data.key == GTGUI.Keys.S then
                Editor.SaveCurrentlyShownFile();
            end
        end
    end)
    
    
    
    -- The menu bar.
    Editor_MenuBar:MenuBar();
    Editor_MenuBar.File = Editor_MenuBar:AppendItem("File");
    Editor_MenuBar.File.Save = Editor_MenuBar.File.menu:AppendItem("Save"):OnPressed(function()
        Editor.SaveCurrentlyShownFile();
        Editor_MenuBar:CollapseMenu();
    end);
    Editor_MenuBar.File.SaveAll = Editor_MenuBar.File.menu:AppendItem("Save All"):OnPressed(function()
        Editor.SaveAllOpenModifiedFiles();
        Editor_MenuBar:CollapseMenu();
    end);
    Editor_MenuBar.File.menu:AppendSeparator();
    Editor_MenuBar.File.Close = Editor_MenuBar.File.menu:AppendItem("Close"):OnPressed(function()
        Editor.CloseCurrentlyShownFile();
        Editor_MenuBar:CollapseMenu();
    end);
    Editor_MenuBar.File.CloseAll = Editor_MenuBar.File.menu:AppendItem("Close All"):OnPressed(function()
        Editor.CloseAllOpenFiles();
        Editor_MenuBar:CollapseMenu();
    end);
    Editor_MenuBar.File.menu:AppendSeparator();
    Editor_MenuBar.File.menu:AppendItem("Return to Game"):OnPressed(function()
        Editor_MenuBar:CollapseMenu();
        Editor.Close();
    end);
    Editor_MenuBar.File.menu:AppendSeparator();
    Editor_MenuBar.File.menu:AppendItem("Exit"):OnPressed(function()
        Game.Close();
    end);
    
    Editor_MenuBar.File.Save:Disable();
    Editor_MenuBar.File.SaveAll:Disable();
    Editor_MenuBar.File.Close:Disable();
    Editor_MenuBar.File.CloseAll:Disable();
    
    --Editor_MenuBar:AppendItem("Edit");
    --Editor_MenuBar:AppendItem("View");
    
    
    
    
    -- Data explorer
    Editor_DataExplorer:DataExplorer();
    
    
    -- Tab bar
    Editor_TabBar:TabBar();
    
    Editor_TabBar:OnTabActivated(function(data)
        Editor.ShowFile(data.tab.absolutePath);
    end);
    
    Editor_TabBar:OnTabDeactivated(function(data)
        Editor.HideCurrentlyShownFile();
    end);
]]>
</script>

<style>
    #EditorMain
    {
        width:   100%
        height:  100%
        
        flex-child-height:true
        
        background-color: #333
    }
    
    #EditorTopPanel
    {
        width:            100%
        height:           27px
        child-plane:      horizontal
        vertical-align:   center
        padding-left:     4px
        flex-child-width: true
        
        border-bottom:    1px #292929
    }
    
    #EditorTopPanel_Left
    {
        width:          auto
        height:         100%
        child-plane:    horizontal
        vertical-align: center
        border-right:   1px #444
        padding-right:  4px
    }
    
    #EditorTopPanel_Right
    {
        width:            100%
        height:           100%
        child-plane:      horizontal
        vertical-align:   center
        border-left:      1px #222
        padding-left:     4px
    }
    
    
    #EditorBottomPanel
    {
        width:            100%
        height:           sidePanelSize
        child-plane:      horizontal
        background-color: #2a2a2a
        
        //border-top: 1px #2b2b2b
        
        vertical-align:   center
        flex-child-width: true
    }
    
    #EditorCenterPanel
    {
        height:           100%
        width:            100%
        child-plane:      horizontal
        flex-child-width: true;
    }
    
    #EditorLeftPanel
    {
        width:               275px
        height:              100%
        allow-mouse-resize:  true
        right-gripper-width: 8px
        border-right:        2px #2a2a2a
        min-width:           32px
        flex-child-height:   true
    }
    
    #EditorCenterCenterPanel
    {
        visible:           false
    
        width:             100%
        height:            100%
        flex-child-height: true
    }
    
    #EditorCenterCenterPanelHelp
    {
        visible:           true
        width:             100%
        height:            100%
        padding:           8px
        font-size:         14pt
        text-color:        #999
    }
    
    #EditorTabPanel
    {
        width:            100%
        height:           22px
        background-color: #303030
    }
    
    #EditorBody
    {
        height:           100%
        background-color: #3c3c3c
        border:           1px #555
        
        padding:          4px
    }
</style>
    
<!--
The styles below are for sub-editors (model editor, image editor, etc). These are all located in the main body and are
hidden by default.
-->
<style>
    sub-editor
    {
        visible: false
    
        width:   100%
        height:  100%
    }
    
    text-editor-text-area includes multiline-textbox
    {
        width:            100%
        height:           100%
        border:           1px #222
        background-color: #333
        vertical-align:   top
        font-family:      source code pro
        font-size:        10pt
        text-color:       #bbb
    }
</style>


<style>
    profiling-entry
    {
        width:       auto
        padding-top: 2px
        child-plane: horizontal
    }
    
    profiling-font
    {
        font-family: liberation mono
        font-style:  none
        font-size:   8pt
        text-color:  #bbb
    }
    
    profiling-entry-title includes profiling-font
    {
        width:  auto
        height: auto
    }

    profiling-entry-value includes profiling-font
    {
        width:         auto
        height:        auto
        padding-left:  4px
        padding-right: 16px
    }
</style>


<div id="EditorMain">
    <div id="EditorTopPanel">
        <!--
        The top panel is split into two parts. The left side contains the normal menu bar. The right side contains additional stuff
        such as the mode switcher.
        -->
        <div id="EditorTopPanel_Left">
            <div id="Editor_MenuBar" styleclass="menubar" />
        </div>
        <div id="EditorTopPanel_Right">
        </div>
    </div>
    
    

    <!--
    The center panel is where individual editting tools can use their own GUIs.
    -->
    <div id="EditorCenterPanel">
        <div id="EditorLeftPanel">
            <div id='Editor_DataExplorer' styleclass='data-explorer' style='border-bottom:1px #555;' />
        </div>
        
        <div id="EditorCenterCenterPanel">
            <div id="EditorTabPanel">
                <div id='Editor_TabBar' styleclass='tabbar' style='height:100%;' />
            </div>
            <div id="EditorBody">
                <div id="Editor_SubEditorContainer" styleclass='sub-editor' style='visible:true'>
                </div>
            </div>
        </div>
        
        <div id="EditorCenterCenterPanelHelp">
            <div style="font-size:inherit">
                Shift + TAB to Toggle Editor
            </div>
            <div style="font-size:inherit; margin-top:20;">
                All assets are located on the panel to the left. Only shows assets in the data directories.
            </div>
            <div style="font-size:inherit; margin-top:16px;">
                All assets open to their own sub-editor, tabbed along the top. Not all sub-editors are implemented.
            </div>
            <div style="font-size:inherit; margin-top:16px;">
                Right click on a folder to create a new file. No need to supply an extension except for text files.
            </div>
            <div style="font-size:inherit; margin-top:16px;">
                Assets should automatically reload, except for scenes and audio.
            </div>
            <div style="font-size:inherit; margin-top:16px;">
                Left panel should automatically synchronize with changes to the file system.
            </div>
            <div style="font-size:inherit; margin-top:16px;">
                Search functionality is not currently implemented.
            </div>
            <div style="font-size:inherit; margin-top:16px;">
                Text editor is very bare bones. Consider using an external editor for now.
            </div>
            <div style="font-size:inherit; font-style:bold; margin-top:32px;">
                Expect many bugs and missing functionality.
            </div>
        </div>
    </div>

    <div id="EditorBottomPanel">
        <div style="child-plane:horizontal; vertical-align:center; width:100%;">
            <div style="width:auto; margin-left:4px; margin-right:8px; text-color:#888;">Command:</div>
            <div id="CommandTextBox" styleclass="textbox" style="height:22px; width:400px;" />
            <div id="CommandErrorBox" style="height:100%; width:auto; margin-left:8px; vertical-align:center;" />
        </div>
        <div style="child-plane:horizontal; vertical-align:center; horizontal-align:right; width:auto;">
            <div styleclass="profiling-entry-title">Delta:</div>
            <div styleclass="profiling-entry-value" id="Editor_Delta" />
            <div styleclass="profiling-entry-title">FPS:</div>
            <div styleclass="profiling-entry-value" id="Editor_FPS" />
        </div>
    </div>
  
    <!-- This section contains relative positioned controls. Usually dialog boxes. -->
    <div id="YesNoCancelDialog" style="positioning:absolute; width:100%; height:100%; z-index:1000; background-color:#000; opacity:50%; vertical-align:center; horizontal-align:center; visible:false;">
        <div styleclass='dialog' style="width:400px; height:200px; background-color:#3a3a3a; flex-child-height:true; padding:16px;">
            <div id="YesNoCancelDialog_TextBox" style="width:100%; height:100%; vertical-align:center; font-size:10pt; text-color:#ccc;" />
            <div style="width:100%; height:auto%; border-top:1px #333; vertical-align:bottom; horizontal-align:right; child-plane:horizontal; padding-top:16px;">
                <div id="YesNoCancelDialog_Yes"    styleclass='button dialog-button' />
                <div id="YesNoCancelDialog_No"     styleclass='button dialog-button' />
                <div id="YesNoCancelDialog_Cancel" styleclass='button dialog-button' style='margin-right:0px;' />
            </div>
        </div>
    </div>
    
    <div id="NewFileDialog" style="positioning:absolute; width:100%; height:100%; z-index:1000; background-color:#000; opacity:50%; vertical-align:center; horizontal-align:center; visible:false;">
        <div styleclass='dialog' style="width:400px; height:200px; background-color:#3a3a3a; flex-child-height:true; padding:16px;">
            <div style="width:100%; height:100%; vertical-align:center;">
                <div id="NewFileDialog_TextBox"       style="width:100%; height:auto; vertical-align:center; font-size:10pt; text-color:#ccc; margin-bottom:4px;" />
                <div id="NewFileDialog_NameTextBox"   styleclass='textbox' style="width:100%; height:auto; padding:4px;" />
            </div>
            <div style="width:100%; height:auto%; border-top:1px #333; vertical-align:bottom; horizontal-align:right; child-plane:horizontal; padding-top:16px;">
                <div id="NewFileDialog_StatusTextBox" style="width:100%; height:24px; vertical-align:center; horizontal-align:right; text-color:#b66; margin-right:8px;" />
                <div id="NewFileDialog_Create" styleclass='button dialog-button' style='enabled:false' />
                <div id="NewFileDialog_Cancel" styleclass='button dialog-button' style='margin-right:0px;' />
            </div>
        </div>
    </div>
</div>
