<!-- Copyright (C) 2011 - 2013 David Reid. See included LICENCE file. -->

<include url="sub-editor.xml" />


<style  url="model-editor/model-editor.style" />


<script url="model-editor/model-editor.lua"                         />
<script url="model-editor/model-editor-materialpanel.lua"           />
<script url="model-editor/model-editor-animationspanel.lua"         />
<script url="model-editor/model-editor-animationsegmentspanel.lua"  />
<script url="model-editor/model-editor-animationsequencespanel.lua" />
<script url="model-editor/model-editor-cdpanel.lua"                 />

<script url="model-editor/model-editor-timeline.lua"                />
<style  url="model-editor/model-editor-timeline.style"              />
