<!-- Copyright (C) 2011 - 2013 David Reid. See included LICENCE file. -->

<include url="sub-editor.xml" />

<style  url="scene-editor/scene-editor.style"              />
<style  url="scene-editor/scene-editor-panel.style"        />
<style  url="scene-editor/scene-editor-viewport.style"     />
<style  url="scene-editor/scene-editor-toolbar.style"      />
<style  url="scene-editor/scene-editor-context-menu.style" />

<script url="scene-editor/scene-editor.lua"                />
<script url="scene-editor/scene-editor-panel.lua"          />
<script url="scene-editor/scene-editor-viewport.lua"       />
<script url="scene-editor/scene-editor-toolbar.lua"        />
<script url="scene-editor/scene-editor-context-menu.lua"   />





<style  url="styles/sceneeditor.style" />
<script url="scripts/sceneeditor.lua"  />